{
    "defaults": {
        "textures": {
            "#None": "advancedrocketry:/models/bipropellantcombustion"
        },
        "model": "advancedrocketry:models/rocketmotor.obj"
    },
    "variants": {
        "facing=north": { "model": "advancedrocketry:models/advbipropellantrocketmotor.obj", "texture": "advancedrocketry:textures/models/bipropellantcombustion.png", "x": 90 },
        "facing=south": {  "model": "advancedrocketry:models/advbipropellantrocketmotor.obj", "texture": "advancedrocketry:textures/models/bipropellantcombustion.png", "x": 90, "y": 180 },
        "facing=west":  { "model": "advancedrocketry:models/advbipropellantrocketmotor.obj", "texture": "advancedrocketry:textures/models/bipropellantcombustion.png", "x": 90, "y": 270 },
        "facing=east":  { "model": "advancedrocketry:models/advbipropellantrocketmotor.obj", "texture": "advancedrocketry:textures/models/bipropellantcombustion.png", "x": 90, "y": 90 },
        "facing=up":  { "model": "advancedrocketry:models/advbipropellantrocketmotor.obj", "texture": "advancedrocketry:textures/models/bipropellantcombustion.png", "x": 180 },
        "facing=down":  { "model": "advancedrocketry:models/advbipropellantrocketmotor.obj", "texture": "advancedrocketry:textures/models/bipropellantcombustion.png" },
        "inventory": {
            "model": "advancedrocketry:models/advbipropellantrocketmotor.obj",
            "transform": "forge:default-item",
            "textures": {
                "layer0": "advancedrocketry:textures/models/bipropellantcombustion.png"
            }
        }
    }
}
