{
    "variants": {
        "facing=north,occupied=false,part=foot": { "model": "bed_foot", "y": 180 },
        "facing=east,occupied=false,part=foot":  { "model": "bed_foot", "y": 270 },
        "facing=south,occupied=false,part=foot": { "model": "bed_foot" },
        "facing=west,occupied=false,part=foot":  { "model": "bed_foot", "y": 90 },
        "facing=north,occupied=false,part=head": { "model": "bed_head", "y": 180 },
        "facing=east,occupied=false,part=head":  { "model": "bed_head", "y": 270 },
        "facing=south,occupied=false,part=head": { "model": "bed_head" },
        "facing=west,occupied=false,part=head":  { "model": "bed_head", "y": 90 },
        "facing=north,occupied=true,part=foot": { "model": "bed_foot", "y": 180 },
        "facing=east,occupied=true,part=foot":  { "model": "bed_foot", "y": 270 },
        "facing=south,occupied=true,part=foot": { "model": "bed_foot" },
        "facing=west,occupied=true,part=foot":  { "model": "bed_foot", "y": 90 },
        "facing=north,occupied=true,part=head": { "model": "bed_head", "y": 180 },
        "facing=east,occupied=true,part=head":  { "model": "bed_head", "y": 270 },
        "facing=south,occupied=true,part=head": { "model": "bed_head" },
        "facing=west,occupied=true,part=head":  { "model": "bed_head", "y": 90 }
    }
}
