
{
	"forge_marker": 1,
	"variants": {
		"nitrogen": [
                    {
			"model": "forge:fluid",
			"custom": {
				"fluid": "nitrogen"
			}
                    }
		],
		"rocketfuel": [
                    {
			"model": "forge:fluid",
			"custom": {
				"fluid": "rocketfuel"
			}
                    }
		],
		"oxygen": [
                    {
			"model": "forge:fluid",
			"custom": {
				"fluid": "oxygen"
			}
                    }
		],
		"hydrogen": [
                    {
			"model": "forge:fluid",
			"custom": {
				"fluid": "hydrogen"
			}
                    }
		]
	}
}