<planets numPlanets="10">
    <planet name="Planet A">
        <fogColor>1,1,1</fogColor>
        <skyColor>0,0,1</skyColor>
        <atmosphereDensity>100</atmosphereDensity>
        <gravitationalMultiplier>100</gravitationalMultiplier>
        <orbitalDistance>1000</orbitalDistance>
        <orbitalTheta>180</orbitalTheta>
        <rotationalPeriod>24000</rotationalPeriod>
        <biomeIds>0</biomeIds>
        <planet name="Planet A moon">
            <fogColor>1,1,1</fogColor>
            <skyColor>1,0.5,0.5</skyColor>
            <atmosphereDensity>180</atmosphereDensity>
            <gravitationalMultiplier>100</gravitationalMultiplier>
            <orbitalDistance>150</orbitalDistance>
            <orbitalTheta>190</orbitalTheta>
            <rotationalPeriod>100</rotationalPeriod>
            <biomeIds>94</biomeIds>
        </planet>
    </planet>
</planets>