{
    "forge_marker": 1,
    "defaults": {
        "textures": {
            "#None": "advancedrocketry:/models/advbipropellantcombustion"
        },
        "model": "advancedrocketry:models/advbipropellantrocketmotor.obj",
        "transform": "forge:default-block"
    },
    "variants": {
        "facing=north": { "model": "advancedrocketry:models/advbipropellantrocketmotor.obj", "texture": "advancedrocketry:textures/models/advbipropellantcombustion", "x": 90 },
        "facing=south": {  "model": "advancedrocketry:models/advbipropellantrocketmotor.obj", "texture": "advancedrocketry:textures/models/advbipropellantcombustion", "x": 90, "y": 180 },
        "facing=west":  { "model": "advancedrocketry:models/advbipropellantrocketmotor.obj", "texture": "advancedrocketry:textures/models/advbipropellantcombustion", "x": 90, "y": 270 },
        "facing=east":  { "model": "advancedrocketry:models/advbipropellantrocketmotor.obj", "texture": "advancedrocketry:textures/models/advbipropellantcombustion", "x": 90, "y": 90 },
        "facing=up":  { "model": "advancedrocketry:models/advbipropellantrocketmotor.obj", "texture": "advancedrocketry:textures/models/advbipropellantcombustion", "x": 180 },
        "facing=down":  { "model": "advancedrocketry:models/advbipropellantrocketmotor.obj", "texture": "advancedrocketry:textures/models/advbipropellantcombustion" },
        "inventory": { "model": "advancedrocketry:models/advbipropellantrocketmotor.obj", "texture": "advancedrocketry:textures/models/advbipropellantcombustion"}
    }
}
