{
    "forge_marker": 1,
    "defaults": {
        "textures": {
            "#None": "advancedrocketry:block/models/advancedbipropellantrocketengine"
        },
        "model": "advancedrocketry:models/advancedbipropellantrocketengine.obj",
        "transform": "forge:default-block"
    },
    "variants": {
        "facing=north": { "model": "advancedrocketry:block/models/advancedbipropellantrocketengine", "x": 90 },
        "facing=south": {  "model": "advancedrocketry:block/models/advancedbipropellantrocketengine", "x": 90, "y": 180 },
        "facing=west":  { "model": "advancedrocketry:block/models/advancedbipropellantrocketengine", "x": 90, "y": 270 },
        "facing=east":  { "model": "advancedrocketry:block/models/advancedbipropellantrocketengine", "x": 90, "y": 90 },
        "facing=up":  { "model": "advancedrocketry:block/models/advancedbipropellantrocketengine", "x": 180 },
        "facing=down":  { "model": "advancedrocketry:block/models/advancedbipropellantrocketengine" }
    }
}
