{
	"forge_marker": 1,
	"defaults": {
		"model": "forge:fluid",
		"transform": "forge:default-item"
	},
	"variants": {
		"nitrogen": [{
			"custom": {
				"fluid": "nitrogen"
			}
                    }
		],
		"rocketfuel": [{
			"custom": {
				"fluid": "rocketfuel"
			}
                    }
		],
		"oxygen": [{
			"custom": {
				"fluid": "oxygen"
			}
                    }
		],
		"hydrogen": [{
			"custom": {
				"fluid": "hydrogen"
			}
                    }
		],
		"enrichedlava": [{
			"custom": {
				"fluid": "enrichedlava"
			}
                    }
		]
	}
}
