{
    "variants": {
        "facing=north": { "model": "advancedrocketry:block/forcefieldprojector", "x": 90 },
        "facing=south": { "model": "advancedrocketry:block/forcefieldprojector", "y": 180, "x": 90 },
        "facing=west":  { "model": "advancedrocketry:block/forcefieldprojector", "y": 270, "x": 90 },
        "facing=east":  { "model": "advancedrocketry:block/forcefieldprojector", "y": 90, "x": 90 },
        "facing=up": { "model": "advancedrocketry:block/forcefieldprojector" },
        "facing=down": { "model": "advancedrocketry:block/forcefieldprojector", "y": 180 }
    }
}
