{
    "display": {
        "icon": {
            "item": "libvulpes:holoProjector"
        },
        "title": {
            "translate": "achievement.holographic"
        },
        "description": {
            "translate": "achievement.holographic.desc"
        }
    },
    "parent": "advancedrocketry:normal/blockpresser",
    "criteria": {
        "warp": {
            "trigger": "minecraft:inventory_changed",
            "conditions": {
                "items": [
                    {
                        "item": "libvulpes:holoProjector"
                    }
                ]
            }
        }
    }
} 
