{
    "display": {
        "icon": {
            "item": "advancedrocketry:spaceBoots"
        },
        "title": {
            "translate": "achievement.weReallyWentToTheMoon"
        },
        "description": {
            "translate": "achievement.weReallyWentToTheMoon.desc"
        },
        "frame": "challenge"
    },
    "parent": "advancedrocketry:normal/moonlanding",
    "criteria": {
        "wenttothemoon": {
            "trigger": "wenttothemoon"
        }
    }
} 
