{
    "display": {
        "icon": {
            "item": "advancedrocketry:spaceHelmet"
        },
        "title": {
            "translate": "achievement.suitedUp"
        },
        "description": {
            "translate": "achievement.suitedUp.desc"
        }
    },
    "parent": "advancedrocketry:normal/root",
    "criteria": {
        "suited": {
            "trigger": "minecraft:inventory_changed",
            "conditions": {
                "items": [
                    {
                        "item": "advancedrocketry:spaceBoots"
                    },
		    {
                        "item": "advancedrocketry:spaceLeggings"
                    },
		    {
                        "item": "advancedrocketry:spaceHelmet"
                    },
		    {
                        "item": "advancedrocketry:spaceChestplate"
                    }
                ]
            }
        }
    }
} 
